/*
SQLyog Ultimate v12.09 (64 bit)
MySQL - 5.7.11 : Database - eulims
*********************************************************************
*/

/*!40101 SET NAMES utf8 */;

/*!40101 SET SQL_MODE=''*/;

/*!40014 SET @OLD_UNIQUE_CHECKS=@@UNIQUE_CHECKS, UNIQUE_CHECKS=0 */;
/*!40014 SET @OLD_FOREIGN_KEY_CHECKS=@@FOREIGN_KEY_CHECKS, FOREIGN_KEY_CHECKS=0 */;
/*!40101 SET @OLD_SQL_MODE=@@SQL_MODE, SQL_MODE='NO_AUTO_VALUE_ON_ZERO' */;
/*!40111 SET @OLD_SQL_NOTES=@@SQL_NOTES, SQL_NOTES=0 */;
CREATE DATABASE /*!32312 IF NOT EXISTS*/`eulims` /*!40100 DEFAULT CHARACTER SET latin1 */;

USE `eulims`;

/*Table structure for table `tbl_auth_assignment` */

DROP TABLE IF EXISTS `tbl_auth_assignment`;

CREATE TABLE `tbl_auth_assignment` (
  `item_name` varchar(64) COLLATE utf8_unicode_ci NOT NULL,
  `user_id` varchar(64) COLLATE utf8_unicode_ci NOT NULL,
  `created_at` int(11) DEFAULT NULL,
  PRIMARY KEY (`item_name`,`user_id`),
  KEY `auth_assignment_user_id_idx` (`user_id`),
  CONSTRAINT `tbl_auth_assignment_ibfk_1` FOREIGN KEY (`item_name`) REFERENCES `tbl_auth_item` (`name`) ON DELETE CASCADE ON UPDATE CASCADE
) ENGINE=InnoDB DEFAULT CHARSET=utf8 COLLATE=utf8_unicode_ci;

/*Data for the table `tbl_auth_assignment` */

insert  into `tbl_auth_assignment`(`item_name`,`user_id`,`created_at`) values ('access-his-profile','5',1514427468),('basic-role','18',1517984550),('lab-manager','18',1524128628),('lab-manager','5',1516858459),('super-administrator','1',NULL),('super-administrator','13',1523952934);

/*Table structure for table `tbl_auth_item` */

DROP TABLE IF EXISTS `tbl_auth_item`;

CREATE TABLE `tbl_auth_item` (
  `name` varchar(64) COLLATE utf8_unicode_ci NOT NULL,
  `type` smallint(6) NOT NULL,
  `description` text COLLATE utf8_unicode_ci,
  `rule_name` varchar(64) COLLATE utf8_unicode_ci DEFAULT NULL,
  `data` blob,
  `created_at` int(11) DEFAULT NULL,
  `updated_at` int(11) DEFAULT NULL,
  PRIMARY KEY (`name`),
  KEY `rule_name` (`rule_name`),
  KEY `idx-auth_item-type` (`type`),
  CONSTRAINT `tbl_auth_item_ibfk_1` FOREIGN KEY (`rule_name`) REFERENCES `tbl_auth_rule` (`name`) ON DELETE SET NULL ON UPDATE CASCADE
) ENGINE=InnoDB DEFAULT CHARSET=utf8 COLLATE=utf8_unicode_ci;

/*Data for the table `tbl_auth_item` */

insert  into `tbl_auth_item`(`name`,`type`,`description`,`rule_name`,`data`,`created_at`,`updated_at`) values ('/*',2,NULL,NULL,NULL,1513914178,1513914178),('/accounting/*',2,NULL,NULL,NULL,1515371555,1515371555),('/admin/*',2,NULL,NULL,NULL,1512924432,1512924432),('/admin/assignment/*',2,NULL,NULL,NULL,1512924430,1512924430),('/admin/assignment/assign',2,NULL,NULL,NULL,1512924430,1512924430),('/admin/assignment/index',2,NULL,NULL,NULL,1512924430,1512924430),('/admin/assignment/revoke',2,NULL,NULL,NULL,1512924430,1512924430),('/admin/assignment/view',2,NULL,NULL,NULL,1512924430,1512924430),('/admin/default/*',2,NULL,NULL,NULL,1512924430,1512924430),('/admin/default/index',2,NULL,NULL,NULL,1512924430,1512924430),('/admin/menu/*',2,NULL,NULL,NULL,1512924430,1512924430),('/admin/menu/create',2,NULL,NULL,NULL,1512924430,1512924430),('/admin/menu/delete',2,NULL,NULL,NULL,1512924430,1512924430),('/admin/menu/index',2,NULL,NULL,NULL,1512924430,1512924430),('/admin/menu/update',2,NULL,NULL,NULL,1512924430,1512924430),('/admin/menu/view',2,NULL,NULL,NULL,1512924430,1512924430),('/admin/permission/*',2,NULL,NULL,NULL,1512924431,1512924431),('/admin/permission/assign',2,NULL,NULL,NULL,1512924431,1512924431),('/admin/permission/create',2,NULL,NULL,NULL,1512924431,1512924431),('/admin/permission/delete',2,NULL,NULL,NULL,1512924431,1512924431),('/admin/permission/index',2,NULL,NULL,NULL,1512924431,1512924431),('/admin/permission/remove',2,NULL,NULL,NULL,1512924431,1512924431),('/admin/permission/update',2,NULL,NULL,NULL,1512924431,1512924431),('/admin/permission/view',2,NULL,NULL,NULL,1512924431,1512924431),('/admin/role/*',2,NULL,NULL,NULL,1512924431,1512924431),('/admin/role/assign',2,NULL,NULL,NULL,1512924431,1512924431),('/admin/role/create',2,NULL,NULL,NULL,1512924431,1512924431),('/admin/role/delete',2,NULL,NULL,NULL,1512924431,1512924431),('/admin/role/index',2,NULL,NULL,NULL,1512924431,1512924431),('/admin/role/remove',2,NULL,NULL,NULL,1512924431,1512924431),('/admin/role/update',2,NULL,NULL,NULL,1512924431,1512924431),('/admin/role/view',2,NULL,NULL,NULL,1512924431,1512924431),('/admin/route/*',2,NULL,NULL,NULL,1512924432,1512924432),('/admin/route/assign',2,NULL,NULL,NULL,1512924431,1512924431),('/admin/route/create',2,NULL,NULL,NULL,1512924431,1512924431),('/admin/route/index',2,NULL,NULL,NULL,1512924431,1512924431),('/admin/route/refresh',2,NULL,NULL,NULL,1512924431,1512924431),('/admin/route/remove',2,NULL,NULL,NULL,1512924431,1512924431),('/admin/rule/*',2,NULL,NULL,NULL,1512924432,1512924432),('/admin/rule/create',2,NULL,NULL,NULL,1512924432,1512924432),('/admin/rule/delete',2,NULL,NULL,NULL,1512924432,1512924432),('/admin/rule/index',2,NULL,NULL,NULL,1512924432,1512924432),('/admin/rule/update',2,NULL,NULL,NULL,1512924432,1512924432),('/admin/rule/view',2,NULL,NULL,NULL,1512924432,1512924432),('/admin/user/*',2,NULL,NULL,NULL,1512924432,1512924432),('/admin/user/activate',2,NULL,NULL,NULL,1512924432,1512924432),('/admin/user/change-password',2,NULL,NULL,NULL,1512924432,1512924432),('/admin/user/deactivate',2,NULL,NULL,NULL,1513914178,1513914178),('/admin/user/delete',2,NULL,NULL,NULL,1512924432,1512924432),('/admin/user/index',2,NULL,NULL,NULL,1512924432,1512924432),('/admin/user/login',2,NULL,NULL,NULL,1512924432,1512924432),('/admin/user/logout',2,NULL,NULL,NULL,1512924432,1512924432),('/admin/user/request-password-reset',2,NULL,NULL,NULL,1512924432,1512924432),('/admin/user/reset-password',2,NULL,NULL,NULL,1512924432,1512924432),('/admin/user/signup',2,NULL,NULL,NULL,1512924432,1512924432),('/admin/user/update',2,NULL,NULL,NULL,1513914178,1513914178),('/admin/user/view',2,NULL,NULL,NULL,1512924432,1512924432),('/api/*',2,NULL,NULL,NULL,1518163424,1518163424),('/api/create',2,NULL,NULL,NULL,1518163424,1518163424),('/api/delete',2,NULL,NULL,NULL,1518163424,1518163424),('/api/index',2,NULL,NULL,NULL,1518163424,1518163424),('/api/options',2,NULL,NULL,NULL,1518163424,1518163424),('/api/update',2,NULL,NULL,NULL,1518163424,1518163424),('/api/view',2,NULL,NULL,NULL,1518163424,1518163424),('/cashiering/*',2,NULL,NULL,NULL,1515379311,1515379311),('/debug/*',2,NULL,NULL,NULL,1512924433,1512924433),('/debug/default/*',2,NULL,NULL,NULL,1512924433,1512924433),('/debug/default/db-explain',2,NULL,NULL,NULL,1512924432,1512924432),('/debug/default/download-mail',2,NULL,NULL,NULL,1512924433,1512924433),('/debug/default/index',2,NULL,NULL,NULL,1512924433,1512924433),('/debug/default/toolbar',2,NULL,NULL,NULL,1512924433,1512924433),('/debug/default/view',2,NULL,NULL,NULL,1512924433,1512924433),('/debug/user/*',2,NULL,NULL,NULL,1512924433,1512924433),('/debug/user/reset-identity',2,NULL,NULL,NULL,1512924433,1512924433),('/debug/user/set-identity',2,NULL,NULL,NULL,1512924433,1512924433),('/finance/*',2,NULL,NULL,NULL,1522048795,1522048795),('/gii/*',2,NULL,NULL,NULL,1512924433,1512924433),('/gii/default/*',2,NULL,NULL,NULL,1512924433,1512924433),('/gii/default/action',2,NULL,NULL,NULL,1512924433,1512924433),('/gii/default/diff',2,NULL,NULL,NULL,1512924433,1512924433),('/gii/default/index',2,NULL,NULL,NULL,1512924433,1512924433),('/gii/default/preview',2,NULL,NULL,NULL,1512924433,1512924433),('/gii/default/view',2,NULL,NULL,NULL,1512924433,1512924433),('/gridview/*',2,NULL,NULL,NULL,1516673162,1516673162),('/gridview/export/*',2,NULL,NULL,NULL,1516673161,1516673161),('/gridview/export/download',2,NULL,NULL,NULL,1516673160,1516673160),('/imagemanager/*',2,NULL,NULL,NULL,1516673162,1516673162),('/imagemanager/default/*',2,NULL,NULL,NULL,1516673162,1516673162),('/imagemanager/default/index',2,NULL,NULL,NULL,1516673162,1516673162),('/imagemanager/manager/*',2,NULL,NULL,NULL,1516673162,1516673162),('/imagemanager/manager/crop',2,NULL,NULL,NULL,1516673162,1516673162),('/imagemanager/manager/delete',2,NULL,NULL,NULL,1516673162,1516673162),('/imagemanager/manager/get-original-image',2,NULL,NULL,NULL,1516673162,1516673162),('/imagemanager/manager/index',2,NULL,NULL,NULL,1516673162,1516673162),('/imagemanager/manager/upload',2,NULL,NULL,NULL,1516673162,1516673162),('/imagemanager/manager/view',2,NULL,NULL,NULL,1516673162,1516673162),('/inventory/*',2,NULL,NULL,NULL,1515133710,1515133710),('/inventory/categorytype/*',2,NULL,NULL,NULL,1517209185,1517209185),('/inventory/categorytype/create',2,NULL,NULL,NULL,1517209185,1517209185),('/inventory/categorytype/delete',2,NULL,NULL,NULL,1517209185,1517209185),('/inventory/categorytype/index',2,NULL,NULL,NULL,1517209185,1517209185),('/inventory/categorytype/update',2,NULL,NULL,NULL,1517209185,1517209185),('/inventory/categorytype/view',2,NULL,NULL,NULL,1517209185,1517209185),('/inventory/default/*',2,NULL,NULL,NULL,1516673162,1516673162),('/inventory/default/index',2,NULL,NULL,NULL,1516673162,1516673162),('/inventory/products/*',2,NULL,NULL,NULL,1517209185,1517209185),('/inventory/products/add-inventory-entries',2,NULL,NULL,NULL,1517209185,1517209185),('/inventory/products/add-inventory-withdrawaldetails',2,NULL,NULL,NULL,1517209185,1517209185),('/inventory/products/create',2,NULL,NULL,NULL,1517209185,1517209185),('/inventory/products/delete',2,NULL,NULL,NULL,1517209185,1517209185),('/inventory/products/index',2,NULL,NULL,NULL,1517209185,1517209185),('/inventory/products/pdf',2,NULL,NULL,NULL,1517209185,1517209185),('/inventory/products/update',2,NULL,NULL,NULL,1517209185,1517209185),('/inventory/products/view',2,NULL,NULL,NULL,1517209185,1517209185),('/lab/*',2,NULL,NULL,NULL,1514814971,1514814971),('/lab/default/*',2,NULL,NULL,NULL,1516673162,1516673162),('/lab/default/index',2,NULL,NULL,NULL,1516673162,1516673162),('/maintenance/*',2,NULL,NULL,NULL,1514539173,1514539173),('/maintenance/index',2,NULL,NULL,NULL,1514539139,1514539139),('/message/*',2,NULL,NULL,NULL,1515721342,1515721342),('/message/message/*',2,NULL,NULL,NULL,1515721342,1515721342),('/message/message/check-for-new-messages',2,NULL,NULL,NULL,1515721341,1515721341),('/message/message/compose',2,NULL,NULL,NULL,1515721342,1515721342),('/message/message/delete',2,NULL,NULL,NULL,1515721342,1515721342),('/message/message/ignorelist',2,NULL,NULL,NULL,1515721341,1515721341),('/message/message/inbox',2,NULL,NULL,NULL,1515721341,1515721341),('/message/message/mark-all-as-read',2,NULL,NULL,NULL,1515721342,1515721342),('/message/message/sent',2,NULL,NULL,NULL,1515721341,1515721341),('/message/message/view',2,NULL,NULL,NULL,1515721342,1515721342),('/package/*',2,NULL,NULL,NULL,1514431824,1514431824),('/package/createmodule',2,NULL,NULL,NULL,1515390508,1515390508),('/package/export',2,NULL,NULL,NULL,1515390508,1515390508),('/package/extract',2,NULL,NULL,NULL,1515054294,1515054294),('/package/getcss',2,NULL,NULL,NULL,1515721342,1515721342),('/package/index',2,NULL,NULL,NULL,1514431824,1514431824),('/package/manager',2,NULL,NULL,NULL,1515721342,1515721342),('/package/removemodule',2,NULL,NULL,NULL,1515390508,1515390508),('/package/update',2,NULL,NULL,NULL,1515721342,1515721342),('/package/upload',2,NULL,NULL,NULL,1515390507,1515390507),('/package/view',2,NULL,NULL,NULL,1515721342,1515721342),('/package/writeini',2,NULL,NULL,NULL,1515054294,1515054294),('/packagedetails/*',2,NULL,NULL,NULL,1522742054,1522742054),('/profile/*',2,NULL,NULL,NULL,1513914178,1513914178),('/profile/create',2,NULL,NULL,NULL,1513914178,1513914178),('/profile/delete',2,NULL,NULL,NULL,1513914178,1513914178),('/profile/deleteimage',2,NULL,NULL,NULL,1514536468,1514536468),('/profile/index',2,NULL,NULL,NULL,1513914178,1513914178),('/profile/update',2,NULL,NULL,NULL,1513914178,1513914178),('/profile/uploadPhoto',2,NULL,NULL,NULL,1513930949,1513930949),('/profile/view',2,NULL,NULL,NULL,1513914178,1513914178),('/sample/*',2,NULL,NULL,NULL,1515141962,1515141962),('/services/*',2,NULL,NULL,NULL,1523954885,1523954885),('/services/test/*',2,NULL,NULL,NULL,1524128210,1524128210),('/services/testcategory/*',2,NULL,NULL,NULL,1524128341,1524128341),('/settings/*',2,NULL,NULL,NULL,1514536468,1514536468),('/settings/disable',2,NULL,NULL,NULL,1514536468,1514536468),('/settings/enable',2,NULL,NULL,NULL,1514536468,1514536468),('/settings/index',2,NULL,NULL,NULL,1514536468,1514536468),('/site/*',2,NULL,NULL,NULL,1512923763,1512923763),('/site/about',2,NULL,NULL,NULL,1513840641,1513840641),('/site/captcha',2,NULL,NULL,NULL,1513840641,1513840641),('/site/contact',2,NULL,NULL,NULL,1513840641,1513840641),('/site/error',2,NULL,NULL,NULL,1512924433,1512924433),('/site/index',2,NULL,NULL,NULL,1512924433,1512924433),('/site/login',2,NULL,NULL,NULL,1512924433,1512924433),('/site/logout',2,NULL,NULL,NULL,1512924433,1512924433),('/site/query',2,NULL,NULL,NULL,1518163424,1518163424),('/site/request-password-reset',2,NULL,NULL,NULL,1513840641,1513840641),('/site/requestpasswordreset',2,NULL,NULL,NULL,1516091491,1516091491),('/site/reset-password',2,NULL,NULL,NULL,1514249865,1514249865),('/site/sendmail',2,NULL,NULL,NULL,1516091490,1516091490),('/site/signup',2,NULL,NULL,NULL,1513840641,1513840641),('/site/success',2,NULL,NULL,NULL,1516091491,1516091491),('/site/upload',2,NULL,NULL,NULL,1513930949,1513930949),('/site/verify',2,NULL,NULL,NULL,1516091491,1516091491),('/tagging/*',2,NULL,NULL,NULL,1523954222,1523954222),('/tagging/default/*',2,NULL,NULL,NULL,1516673162,1516673162),('/tagging/default/index',2,NULL,NULL,NULL,1516673162,1516673162),('/test2/*',2,NULL,NULL,NULL,1516085459,1516085459),('/test3/*',2,NULL,NULL,NULL,1516085788,1516085788),('/tt/*',2,NULL,NULL,NULL,1516086131,1516086131),('/uploads/*',2,NULL,NULL,NULL,1514350073,1514350073),('/user/*',2,NULL,NULL,NULL,1513843345,1513843345),('/user/create',2,NULL,NULL,NULL,1513843345,1513843345),('/user/delete',2,NULL,NULL,NULL,1513843345,1513843345),('/user/index',2,NULL,NULL,NULL,1513843344,1513843344),('/user/update',2,NULL,NULL,NULL,1513843345,1513843345),('/user/view',2,NULL,NULL,NULL,1513843344,1513843344),('access-accounting',2,'This permission allow user to access accounting module',NULL,NULL,1515371555,1515371555),('access-api',2,'Access on API Permissions',NULL,NULL,1518163478,1518163478),('access-assignment',2,'Permission will allow user to access assignment',NULL,NULL,1514425828,1514425828),('access-cashiering',2,'This permission allow user to access cashiering module',NULL,NULL,1515379311,1515379311),('access-customer wallet',2,'Permission to access Customer Wallet',NULL,NULL,1523943200,1523943200),('access-debug',2,'This Permission allow user to access debug module',NULL,NULL,1513840103,1513840103),('access-finance',2,'This permission allow user to access finance module',NULL,NULL,1522048795,1522048795),('access-gii',2,'This permission allow user to access GII Tool',NULL,NULL,1513839929,1513839929),('access-his-profile',2,'This permission will only allow user access on his own profile',NULL,NULL,1513925187,1513925187),('access-inventory',2,'This permission allow user to access inventory module',NULL,NULL,1515133710,1515133710),('access-lab',2,'This permission allow user to access Laboratory module',NULL,NULL,1514815010,1514815010),('access-menu',2,'Permission to allow access menu ',NULL,NULL,1514426762,1514426762),('access-message',2,'This permssion allow user to access message module',NULL,NULL,1515721386,1515721386),('access-package',2,'This permission allow user to access package manager',NULL,NULL,1514431815,1514431815),('access-package-list',2,'Allow Users to access package list',NULL,NULL,1515486771,1515486771),('access-packagedetails',2,'this will allow access on package details',NULL,NULL,1522742254,1522742254),('access-permission',2,'Permission to access permission',NULL,NULL,1514426671,1514426671),('access-procurement',2,'This permission allow user to access procurement module',NULL,NULL,1519980796,1519980796),('access-profile',2,'This permission allow users access on Profile',NULL,NULL,1513924948,1513924948),('access-rbac',2,'This permission allow users to access RBAC but depends on other permissions to access other features of RBAC.',NULL,NULL,1514364821,1514364821),('access-role',2,'Permission to allow access role',NULL,NULL,1514426382,1514426382),('access-route',2,'Permission to allow access route',NULL,NULL,1514425999,1514425999),('access-rule',2,'Permission to access Rule',NULL,NULL,1514426816,1514426896),('access-sample',2,'This permission allow user to access sample module',NULL,NULL,1515141962,1515141962),('access-services',2,'This permission allow user to access services module',NULL,NULL,1523954885,1523954885),('access-settings',2,'This permission allows user to access settings',NULL,NULL,1514536456,1514536456),('access-signup',2,'This permission allow user to signup',NULL,NULL,1513840579,1513840579),('access-tagging',2,'This permission allow user to access tagging module',NULL,NULL,1515130615,1515130615),('access-test',2,'This permission allow user to access test module',NULL,NULL,1516084596,1516084596),('access-test category',2,'access-test category',NULL,NULL,1524128108,1524128108),('access-test2',2,'This permission allow user to access test2 module',NULL,NULL,1516085459,1516085459),('access-test3',2,'This permission allow user to access test3 module',NULL,NULL,1516085788,1516085788),('access-tt',2,'This permission allow user to access tt module',NULL,NULL,1516086131,1516086131),('access-user',2,'This permission allow user to access User Account',NULL,NULL,1514425679,1514425679),('allow-access-backend',2,'This Permission allow users to access backend',NULL,NULL,1513908976,1513908976),('allow-gridview-export',2,'this permissions will allow access export/download',NULL,NULL,1517209167,1517209167),('basic-role',1,'Basic role for newly created user',NULL,NULL,1517967802,1517967802),('can-delete-profile',2,'This permission allow user to delete profile',NULL,NULL,1514428789,1514428789),('Guest',1,'This the default Role',NULL,NULL,1517381088,1517381088),('lab-manager',1,'This is a role for Laboratory Manager',NULL,NULL,1516858383,1516858383),('profile-full-access',2,'This permission allow users to access profile with full access',NULL,NULL,1513914161,1513914161),('rbac-assign-permission',2,'This permission allows user to assign roles',NULL,NULL,1512924223,1513840446),('rbac-full-access',2,'This permission has all the rights to access rbac',NULL,NULL,1513840364,1513840364),('super-administrator',1,'This role reserve all the rights and permissions',NULL,NULL,1513838897,1513840008),('tester',1,'Permission to access test submodule',NULL,NULL,1523329848,1523330011),('user-full-access',2,'This Permission allows user to access User module',NULL,NULL,1513843398,1513843398);

/*Table structure for table `tbl_auth_item_child` */

DROP TABLE IF EXISTS `tbl_auth_item_child`;

CREATE TABLE `tbl_auth_item_child` (
  `parent` varchar(64) COLLATE utf8_unicode_ci NOT NULL,
  `child` varchar(64) COLLATE utf8_unicode_ci NOT NULL,
  PRIMARY KEY (`parent`,`child`),
  KEY `child` (`child`),
  CONSTRAINT `tbl_auth_item_child_ibfk_1` FOREIGN KEY (`parent`) REFERENCES `tbl_auth_item` (`name`) ON DELETE CASCADE ON UPDATE CASCADE,
  CONSTRAINT `tbl_auth_item_child_ibfk_2` FOREIGN KEY (`child`) REFERENCES `tbl_auth_item` (`name`) ON DELETE CASCADE ON UPDATE CASCADE
) ENGINE=InnoDB DEFAULT CHARSET=utf8 COLLATE=utf8_unicode_ci;

/*Data for the table `tbl_auth_item_child` */

insert  into `tbl_auth_item_child`(`parent`,`child`) values ('access-accounting','/accounting/*'),('rbac-full-access','/admin/*'),('rbac-assign-permission','/admin/assignment/*'),('access-assignment','/admin/assignment/index'),('access-assignment','/admin/assignment/view'),('access-rbac','/admin/assignment/view'),('access-menu','/admin/menu/index'),('access-menu','/admin/menu/view'),('access-permission','/admin/permission/index'),('access-permission','/admin/permission/view'),('access-role','/admin/role/index'),('access-role','/admin/role/view'),('access-route','/admin/route/assign'),('access-route','/admin/route/index'),('access-rule','/admin/rule/index'),('access-rule','/admin/rule/view'),('access-user','/admin/user/*'),('access-api','/api/*'),('access-cashiering','/cashiering/*'),('access-debug','/debug/*'),('access-finance','/finance/*'),('access-gii','/gii/*'),('allow-gridview-export','/gridview/*'),('access-inventory','/inventory/*'),('access-lab','/lab/*'),('Guest','/maintenance/*'),('access-message','/message/*'),('access-package','/package/*'),('access-package','/package/createmodule'),('access-package','/package/export'),('access-package','/package/extract'),('access-package','/package/index'),('access-package','/package/removemodule'),('access-package','/package/upload'),('access-package','/package/writeini'),('access-packagedetails','/packagedetails/*'),('access-his-profile','/profile/*'),('profile-full-access','/profile/*'),('access-his-profile','/profile/create'),('access-his-profile','/profile/index'),('access-profile','/profile/index'),('access-his-profile','/profile/update'),('access-his-profile','/profile/uploadPhoto'),('profile-full-access','/profile/uploadPhoto'),('access-his-profile','/profile/view'),('access-profile','/profile/view'),('access-sample','/sample/*'),('access-services','/services/*'),('access-test category','/services/testcategory/*'),('access-settings','/settings/*'),('Guest','/site/*'),('access-signup','/site/signup'),('super-administrator','/site/signup'),('profile-full-access','/site/upload'),('access-test2','/test2/*'),('access-test3','/test3/*'),('access-tt','/tt/*'),('user-full-access','/user/*'),('super-administrator','access-accounting'),('Guest','access-api'),('super-administrator','access-assignment'),('super-administrator','access-cashiering'),('super-administrator','access-customer wallet'),('super-administrator','access-debug'),('super-administrator','access-finance'),('super-administrator','access-gii'),('basic-role','access-his-profile'),('super-administrator','access-inventory'),('lab-manager','access-lab'),('super-administrator','access-lab'),('super-administrator','access-menu'),('basic-role','access-message'),('super-administrator','access-message'),('super-administrator','access-package'),('super-administrator','access-package-list'),('super-administrator','access-packagedetails'),('super-administrator','access-permission'),('super-administrator','access-procurement'),('profile-full-access','access-profile'),('super-administrator','access-profile'),('super-administrator','access-rbac'),('super-administrator','access-role'),('super-administrator','access-route'),('super-administrator','access-rule'),('lab-manager','access-services'),('super-administrator','access-services'),('super-administrator','access-settings'),('Guest','access-signup'),('super-administrator','access-signup'),('super-administrator','access-tagging'),('lab-manager','access-test category'),('super-administrator','access-test category'),('super-administrator','access-user'),('super-administrator','allow-access-backend'),('basic-role','allow-gridview-export'),('super-administrator','allow-gridview-export'),('super-administrator','can-delete-profile'),('super-administrator','profile-full-access'),('rbac-full-access','rbac-assign-permission'),('super-administrator','rbac-full-access'),('super-administrator','user-full-access');

/*Table structure for table `tbl_package` */

DROP TABLE IF EXISTS `tbl_package`;

CREATE TABLE `tbl_package` (
  `PackageID` int(11) NOT NULL AUTO_INCREMENT,
  `PackageName` varchar(100) NOT NULL,
  `icon` varchar(100) DEFAULT NULL,
  `created_at` int(11) NOT NULL,
  `updated_at` int(11) NOT NULL,
  PRIMARY KEY (`PackageID`),
  UNIQUE KEY `PackageName` (`PackageName`)
) ENGINE=InnoDB AUTO_INCREMENT=27 DEFAULT CHARSET=utf8;

/*Data for the table `tbl_package` */

insert  into `tbl_package`(`PackageID`,`PackageName`,`icon`,`created_at`,`updated_at`) values (21,'lab','fa fa-bookmark',1515397499,1515634107),(22,'inventory','fa fa-assistive-listening-systems',1515398542,1515575300),(24,'finance','fa fa-credit-card',1522048795,1522897198),(25,'tagging',NULL,1523954222,1523954222),(26,'services','fa fa-server',1523954885,1523955450);

/*Table structure for table `tbl_package_details` */

DROP TABLE IF EXISTS `tbl_package_details`;

CREATE TABLE `tbl_package_details` (
  `Package_DetailID` int(11) NOT NULL AUTO_INCREMENT,
  `PackageID` int(11) NOT NULL,
  `Package_Detail` varchar(100) NOT NULL,
  `url` varchar(200) DEFAULT NULL,
  `icon` varchar(100) DEFAULT NULL,
  `created_at` int(11) DEFAULT NULL,
  `updated_at` int(11) DEFAULT NULL,
  PRIMARY KEY (`Package_DetailID`),
  UNIQUE KEY `Package_Detail` (`Package_Detail`),
  KEY `PackageID` (`PackageID`),
  CONSTRAINT `tbl_package_details_ibfk_1` FOREIGN KEY (`PackageID`) REFERENCES `tbl_package` (`PackageID`)
) ENGINE=InnoDB AUTO_INCREMENT=7 DEFAULT CHARSET=utf8;

/*Data for the table `tbl_package_details` */

insert  into `tbl_package_details`(`Package_DetailID`,`PackageID`,`Package_Detail`,`url`,`icon`,`created_at`,`updated_at`) values (1,21,'Tester','tester','fa fa-amazon',1522745698,1522745698),(2,24,'Customer Wallet','/finance/customerwallet','fa fa-money',1522896543,1523415052),(4,26,'Test Category','/services/testcategory','fa fa-address-book',1524033087,1524033173),(5,26,'Sample Type','/services/sampletype','fa fa-external-link-square',1524195583,1524201517),(6,26,'Test','/services/test','fa fa-address-book-o',1524195672,1524195672);

/*!40101 SET SQL_MODE=@OLD_SQL_MODE */;
/*!40014 SET FOREIGN_KEY_CHECKS=@OLD_FOREIGN_KEY_CHECKS */;
/*!40014 SET UNIQUE_CHECKS=@OLD_UNIQUE_CHECKS */;
/*!40111 SET SQL_NOTES=@OLD_SQL_NOTES */;
